<?xml version="1.0" encoding="utf-8"?>
<!--GENERATED BY:  Lectora Inspire v.17.1.3(11276) (http://www.trivantis.com) -->
<!--TITLE: C:\Users\djohnston\Downloads\IntroBoatingSafety_AWT_v11\images -->

<courseStructure  xmlns="https://w3id.org/xapi/profiles/cmi5/v1/CourseStructure.xsd">  
	<course id="http://www.uniqueurl.com/intro-to-boating-safety">
		<title>
			<langstring lang="en-US"> Intro to Boating Safety </langstring>
		</title>
		<description>
			<langstring  lang="en-US">
			Course Description Goes Here
			</langstring>
		</description>
	</course>
		<au id="http://www.uniqueurl.com/intro-to-boating-safety-A001" moveOn="CompletedOrPassed" launchMethod="OwnWindow" masteryScore="0.75" >
			<title>
				<langstring  lang="en-US"> A001 </langstring>
			</title>
			<description>
				<langstring  lang="en-US">
				Description of Assignable Unit
				</langstring>
			</description>
			<url>a001index.html</url>
		</au>
</courseStructure>
