<?xml version="1.0" encoding="UTF-8"?>
<!--GENERATED BY:  Lectora Inspire v.17.1.3(11276) (http://www.trivantis.com) -->
<!--TITLE: C:\Users\djohnston\Downloads\IntroBoatingSafety_AWT_v11\images -->

<meta xmlns:xsi="http://www.w3.org/2001/XMLSchema-instance"
      xmlns:xsd="http://www.w3.org/2001/XMLSchema">
  <project courseid="http://www.uniqueurl.com/intro-to-boating-safety" title="Intro to Boating Safety" >
    <description>
      <langstring xml:lang="en">Course Description Goes Here</langstring>
    </description>
    <keywords>
      <keyword>
        <langstring xml:lang="en">Intro to Boating Safety</langstring>
      </keyword>
    </keywords>
  </project>
</meta>
