<?xml version="1.0" encoding="UTF-8"?>
<!--GENERATED BY:  Lectora Inspire v.17.1.3(11276) (http://www.trivantis.com) -->
<!--TITLE: C:\Users\djohnston\Downloads\IntroBoatingSafety_AWT_v11\images -->

<tincan xmlns:xsi="http://www.w3.org/2001/XMLSchema-instance"
        xmlns:xsd="http://www.w3.org/2001/XMLSchema"
        xmlns="http://projecttincan.com/tincan.xsd">
	<activities>
		<activity id="http://www.uniqueurl.com/intro-to-boating-safety" type="http://adlnet.gov/expapi/activities/course">
			<name lang="und">Intro to Boating Safety</name>
			<description lang="und">Course Description Goes Here</description>
			<launch lang="und">a001index.html</launch>
		</activity>
	</activities>
</tincan>
